,0
36822739,Kidney Transplantation
37314770,Tissue Injury
37081637,Inflammation and Aging
36428134,Blood Purification
36759239,Clinical Research in Nephrology
37589626,Clinical Research in Nephrology
36528464,Blood Purification
36775203,Kidney Transplantation
36153151,Clinical Research in Nephrology
37499685,Immunosuppression
37526983,Blood Purification
37801688,Clinical Research in Nephrology
37737748,Glomerular Disease
37318401,Clinical Research in Nephrology
35842013,Glomerular Disease
38081406,Clinical Research in Nephrology
37907451,Immunosuppression
36795086,Critical Care in Nephrology
37523307,Clinical Research in Nephrology
38127033,Kidney Transplantation
36750034,Immunosuppression
36914585,Clinical Research in Nephrology
35810826,Pediatric Nephrology
36735373,Transplantation Immunology
37656451,Clinical Research in Nephrology
37314774,Clinical Research in Nephrology
37782546,Transplantation Immunology
37934632,Blood Purification
36723176,Kidney Transplantation
37052952,Clinical Research in Nephrology
37394267,
37733367,Clinical Research in Nephrology
36918385,Kidney Transplantation
36550624,Organ and Tissue Preservation
36586559,Onconephrology
37870881,Transplantation Immunology
37939208,Clinical Research in Nephrology
37220171,Clinical Research in Nephrology
37163584,Kidney Transplantation
37876239,Pediatric Nephrology
36455682,Clinical Research in Nephrology
38010153,Repair
36965828,Clinical Research in Nephrology
37642955,Kidney Transplantation
36976655,Glomerular Disease
36328100,Clinical Research in Nephrology
36283810,Kidney Transplantation
37516300,Kidney Transplantation
38108673,Glomerular Disease
38150244,Blood Purification
38109091,Glomerular Disease
37801686,Clinical Research in Nephrology
36344210,Critical Care in Nephrology
38096088,Clinical Research in Nephrology
36754002,Clinical Research in Nephrology
38039089,Clinical Research in Nephrology
37921833,Clinical Research in Nephrology
38039090,Clinical Research in Nephrology
37678741,Blood Purification
36795033,Immunosuppression
37717845,Clinical Research in Nephrology
37972815,Blood Purification
38087445,Kidney Transplantation
37030585,Clinical Research in Nephrology
37678742,Glomerular Disease
37459117,Clinical Research in Nephrology
37490295,Cardionephrology
37707829,Clinical Research in Nephrology
36357127,Clinical Research in Nephrology
36719148,Clinical Research in Nephrology
36220190,Kidney Transplantation
38015564,Blood Purification
36808841,Organ and Tissue Preservation
36314999,Transplantation Immunology
36508651,Transplantation Immunology
36253912,Kidney Transplantation
36949031,Transplantation Immunology
36808845,Transplantation Immunology
35969003,Inflammation and Aging
37122085,Organ and Tissue Preservation
36584367,Organ and Tissue Preservation
36706066,Transplantation Immunology
37220336,Kidney Transplantation
37309031,Transplantation Immunology
37389648,Transplantation Immunology
37677940,Organ and Tissue Preservation
36199169,Glomerular Disease
